Source,Target
1323220,1705124
1842517,116563
4386868,2169286
3237004,32405
2395907,2524870
660126,3493
5888400,2323
432754,270086
515412,3309325
604602,127260
397274,220870
52190,1152824
3381348,32171
5346738,4822713
928132,68961
1507121,433584
353997,8776322
4640676,4631469
148438,4166302
132335,1488415
1693,1567059
498879,119217
66333,1846111
39099,1851986
955727,429210
8079,2763338
69303,4206636
81868,1441472
1002013,4018
222105,1149248
91742,982928
6890130,1693
1455821,217519
1039810,1037185
8315354,4018
1314606,117829
121152,489383
4952799,1990319
19236,56179
134750,91105
128469,8801907
1313909,81642
54093,16026
696077,137788
99241,4747578
117730,9734646
4212599,3911868
1064130,1148184
7305091,1202547
16201,6813279
7467037,7442470
1656310,5379566
1588563,236403
1848895,117958
2702704,7292441
3697576,7496
184362,3214452
666476,2340934
5406554,2951451
1831656,397157
1569043,1756531
695533,287784
2531792,3402
510364,1491515
16031,651493
3296389,1383062
504250,1420028
2700577,1753610
547132,6586987
439630,7486430
93366,657831
3592960,12852
15744,4628580
2872014,681859
287875,3009672
40415,440358
735486,33391
4198958,25659
1496220,8765542
550154,1020167
3071686,107198
667294,6367
8259240,132335
503524,2396671
2311244,619088
834030,8877622
856765,635227
7724,3467731
5187070,1222347
48042,6886538
2117614,985560
140095,9147418
3619485,281688
4189510,16225
488552,8777525
402491,167623
78298,880454
195729,5043213
91765,432929
1162656,618837
1162880,144199
2311,1350979
936334,672168
145428,3948694
2697852,1818266
3477824,5355757
1893300,3530772
1588254,6618449
7410587,52498
15245,80335
3381157,56003
633832,633882
6865536,6928676
207883,1390802
46651,398124
1043977,8952558
684922,486415
212830,6584482
570252,645342
432929,4166993
560608,560606
2530552,16201
1781943,1313956
5960692,9590328
1580936,2339
5602425,132335
1954339,382075
195923,2089443
2235686,187894
263889,22464
830315,8807351
216481,629464
55368,1115669
2531348,150876
6637751,1051092
490912,797152
55035,2151307
55021,46017
7062567,8630754
16823,11095055
687356,23803
509611,94160
839195,8771329
91789,2343754
1356957,96328
382817,16013
2796643,556177
376472,2716604
29281,4564200
265287,48915
685438,468639
534,877056
2966923,430609
1057243,47575
31896,1567995
16273,2309022
132335,1021069
18910,840705
912272,7496
18154,683897
1199056,1045183
6377799,5994113
55258,259580
878961,227751
1984749,35806
845473,2328198
3345398,265243
219293,3382100
1545587,23676
202824,445062
531442,4186619
450797,667431
2796359,556177
6913460,16431
4442623,443971
36445,5428644
645278,8762956
7968713,7962570
5323883,1349110
842787,9109724
871626,8765317
1001756,129379
854747,1409845
2311,4186104
1317139,1424
1511269,68961
1827765,9954692
4120669,223325
558476,628841
1198045,1955690
8008900,3617029
55067,3335147
1144753,154441
2602173,93369
628402,219692
55962,217798
17585,490441
3487,6553341
133331,4818436
3087067,3487
203506,1234892
2231976,187894
513427,8765524
49908,2647582
4253088,4987291
945577,941257
51985,5797056
3197259,423282
1486930,1157181
4184831,25659
202251,1988061
4043217,72169
429502,242728
1360106,456274
202837,202456
91742,4188326
626186,446996
72102,624788
64316,705418
195923,3176589
4958322,10270789
1869366,134729
266571,426728
1051661,5828334
1632216,1090077
3176434,12890
5458173,213358
751563,749058
679409,626265
429311,2323684
105620,2676381
396038,6630080
521377,8809191
3126880,1389804
3834626,7496
473778,8765361
589746,22194
4004532,259081
65187,89337
3338727,107037
296940,492252
1469813,1603782
3912944,128627
150876,9570319
394465,161207
96328,6525659
4021315,412532
81344,692464
22889,64345
2550437,1550267
353388,105897
568563,645019
44072,3476040
679527,1281113
1162459,593452
445295,1288056
3402,3359400
1449841,294603
18154,6635800
1484619,779228
54476,1561879
1773737,9801
3493,1937878
2398838,678137
654207,15976
1147150,287784
5408140,17892
91802,1875515
263969,1514554
71968,4701855
4196720,2208949
2472491,219703
1210681,10289142
1693,6889076
729510,6599319
402529,195935
410268,673599
1804456,9281271
48094,2611660
40415,2716496
77285,3402
3496544,624637
203588,203702
7668217,8000051
54688,13889
7370380,534
1197554,4683804
7170149,3400923
1693,3388974
56106,5884647
4622251,3240583
152041,8875825
7145600,1629776
4194617,91802
510726,2303
222123,84061
45785,1499645
3277,5475109
18732,1429473
243767,95018
454238,117986
16201,1318499
2418733,8762941
502122,5980
196620,629661
4569227,2938234
129755,99016
2280606,650069
4191956,259580
132075,10249025
15879,1747960
430734,1623799
7401723,71899
4907173,96853
1571276,243556
166544,9402065
444148,54545
4190560,196241
858904,593654
6942016,3388124
1331854,2894953
1956881,669171
515873,8770038
522912,502164
29641,28709
3409676,2464062
628708,905911
51985,9056585
1513571,428632
13952,6564906
2280606,4170124
2101500,1943875
213331,1225204
1850626,447791
418127,151981
43129,4713624
221965,30517
1450,234053
1315179,6963
3281434,72280
1094741,8763534
1439699,450021
382911,376028
836770,8763837
3730095,7496
2332610,12956
1638621,15149
1329311,3008712
1368576,444452
227051,98209
282160,11749
59957,89068
117958,2345564
4410705,59072
985725,8776339
2097594,281090
16147,10757260
1229931,3357659
1669274,176509
17389,160515
402293,403008
814738,127130
1290918,125178
55567,785737
14737,14
831566,35495
71863,3224826
872070,527417
1292951,4196145
584516,7118834
96921,11117076
1167322,15624
288675,108348
444123,54283
735154,503888
1291701,217846
814973,8798220
48234,16124
1852036,3402
47205,3224739
780582,8764973
6055989,7788362
6034012,5994113
6728760,54006
622186,14593
53834,4410137
18513,117829
1342742,1498201
843465,1191200
5398276,118242
5642039,2041453
616643,940024
1496761,6645991
1678220,1847281
234046,266163
2237963,4672
16201,3505273
1852745,241563
1017692,1222607
16341,635810
677841,70850
6998632,2041453
3432736,409126
3021494,3021454
734899,6656
399385,5514977
515485,265395
4310990,94160
747347,591334
915644,934004
447791,3104668
4681,8327693
223486,20033
501584,8763517
533950,7496
1353685,15744
23858,6713925
730207,18299
7149219,2322
54654,619605
877132,2797614
1209170,92173
3482555,5496954
451647,515694
1238176,6609958
3574,223455
492828,9092091
203356,6517596
507779,639295
2162515,599191
152172,133997
6247716,5994113
1305241,8821642
151324,534
11749,6732772
3129742,897992
293022,132335
6755277,223460
873184,7831973
2411539,911523
6556813,96328
25442,384587
216829,1068007
375939,37576
496708,1637850
2300722,177106
3901118,91789
53881,4197376
7970892,7962570
2382341,4991583
71812,106743
240215,6564249
3379848,194943
2370892,377459
1495640,1202158
1227664,262837
7225711,5997310
222432,670750
40365,240083
720847,396038
6118414,5994113
54441,2323
47575,389843
2399308,1048060
56669,76670
6417266,5994113
1088198,8766738
4891642,1026026
2166664,1417462
880185,7618509
570106,2091427
274325,4823611
13952,3389577
193368,1424
5045239,121193
213589,503632
68990,482081
571823,197448
7070091,3493
1527081,385328
1450,1509087
1462127,2091218
45484,5882578
56668,1313923
3609639,444929
4169888,6748238
493208,604198
47344,3917343
1725503,6952
448704,48042
6148,3382662
4969291,4967196
2812856,10665935
4382481,8972489
1868309,5550401
1313701,935251
720750,268625
3209028,2618921
3002290,14737
696934,7831973
780551,8771439
616720,1448724
408825,297308
5503594,4074940
1651150,598471
224702,744672
375710,1333862
874796,1131060
2113837,25442
4549964,23234
8255917,195362
18761,659335
217328,7496
674429,1381805
240215,998039
423305,28152
2440479,9532643
89068,2120323
658304,141222
117730,4545293
149784,8891746
803113,8764804
1749076,933925
106040,10870331
152940,1167892
2798513,1714656
234825,654945
118242,3332355
53543,1518167
2372127,2371316
54217,3402
97612,2297
4054119,1349110
13911,1987005
376472,671414
1940130,543679
2103899,44058
1290048,2236649
264911,1177380
230369,48042
3226289,190589
6602762,433451
216481,3085150
4387301,8797703
140225,3107789
1609315,192080
1435297,1178741
235028,1505569
3380572,89068
1109653,428120
498982,4014108
32405,1390739
924153,68961
1994277,8460375
1458493,25659
2936002,2174863
7484629,9670063
269512,429311
48221,1500277
1494705,219293
1347117,8764424
2674106,76747
7873569,4424962
1209280,220870
869198,4140145
2475777,1750146
2939729,1131060
4230812,427452
386108,4412581
741422,3402
64753,1675626
1322146,10811852
1162934,1949678
512726,48348
5379095,1374301
666095,3493
2153631,620714
956078,2937548
460266,8771318
7674339,195786
731804,95018
635947,2151042
2461073,95018
26849,8311797
445062,633687
4202234,4165347
132335,4821027
3238177,8986846
2240863,1686479
619142,3239446
595678,1504018
98112,29095
7658007,7651893
135992,4802547
97173,85254
216481,46313
7637,1510643
2481596,2139621
1450,1462752
452338,8770754
7967201,7962570
834784,9262997
1205446,4188984
3204956,3204901
8404318,4018
152483,30517
575214,1863981
4106537,16252
2399872,7550012
2312467,4675159
796376,8797357
934812,3279561
6279910,4169958
195220,2107219
618547,92861
1330287,8762942
1443899,468
176781,901371
386108,93529
443746,433448
499422,3377763
134874,5047854
3316385,5675286
32723,2889755
47575,10598041
4497123,3177794
814350,5367294
2919705,8763525
66333,4193125
118242,1343402
1852276,89404
6522513,3023897
658668,268672
53878,2879111
2348289,1230511
1032329,49908
63498,550093
3499840,674977
8358945,195527
7059363,89068
1030100,1211357
3234663,30327
195145,54988
37508,7937795
1357946,1221047
2456442,44058
16242,565195
3417,1740145
696369,3473495
1025369,835203
2534737,152270
2940199,8763552
1424,433466
4903,18732
1504018,153103
3001600,31584
274109,3364
149893,102408
387965,83955
1487380,106581
132335,2439125
5946302,8776238
284559,8160
1458229,365187
7280125,111800
2003601,550365
932255,5744886
2668121,8121005
279732,101251
54983,195167
560896,195362
105620,2883926
6524442,6525601
469785,5339753
480944,8765167
2289474,8766688
208407,91908
3386959,97050
4808807,8764434
3333889,1605598
2506428,186347
393428,3894655
496898,18609
4022196,3117289
61048,120648
89068,10686878
1302660,514625
5814066,5814061
3381513,933941
840705,3581902
5512650,7214426
695304,1052729
2263393,8776813
256579,256485
1450,2883708
125577,903148
1003511,44058
20326,5202
4674756,4674163
3993868,934771
582126,8777370
5122518,1379228
7280188,1334036
4238432,902105
3062416,16216
3094666,48017
1200900,1704329
3256444,8765314
444266,399610
258766,9397552
445062,654148
510708,10091157
1849222,933925
101537,919204
634603,10536414
1503343,47344
7803,48407
96440,96401
6787738,16242
1731603,117730
473746,3318157
1205668,195362
287875,3388679
4535740,955320
1557752,440275
159855,5404098
2067659,5710136
91341,8799984
106279,55511
9800,195923
140507,9307331
4748116,10349968
5987133,65342
1048851,1451801
2167067,2311631
46115,6628771
831166,8762941
399586,47536
624619,2136
7217312,4330253
1171411,1096393
4893256,4014458
470269,744921
147833,4014626
91757,5046111
914534,1642413
69460,68661
4567221,48601
438717,619898
4182786,55567
119388,635810
4022866,8815614
7263231,1178319
219703,4410137
19811,769059
86011,510330
443746,1853166
44064,4009364
1590612,25442
107497,890603
150857,7695065
654237,405344
2568499,1638737
2640400,13384
56669,556
3787759,7496
1500522,4672
869558,1290174
6770347,25442
1490653,1568246
128627,1922471
502430,1150883
7310246,4375807
3939919,788167
33127,1073343
202778,2517034
15322,1287676
433423,72403
3360068,55402
548177,4195819
3431337,4698704
638648,6645991
619632,11961
2813097,92861
334796,7824139
1450,93705
3364,1293489
5473016,8528
1209106,88088
671006,11749
6656,2714037
2596088,1443003
564964,118910
23450,116563
29904,16531
149391,450269
6056038,5994113
1324732,832724
2079441,58122
65187,2902443
493260,8794419
3328110,1313701
134729,3415409
487511,8255090
92768,3434754
262048,2884697
76009,42391
443746,621504
839377,797152
852025,797152
8009485,3617029
1647843,598471
1207657,6623784
1023802,18515
142424,9178491
974341,8763551
3403,1521447
252224,5202
4399002,33495
2952291,4630388
3219404,4146933
950534,82831
4523314,8762958
101222,2528666
2339191,5720283
5858558,3174444
2870518,3174444
5700722,3493
286417,8820784
53410,17389
287875,3212570
5295400,1349110
2761752,141222
303775,105897
938939,2694018
3402,947989
879600,7857376
56077,1368579
117829,1343084
4539608,23234
8577696,9529126
6466504,5994113
5470983,48042
4765348,1005446
69014,8369610
621465,53929
2741491,141222
1589760,2091474
1858841,1780941
16201,15352
1665697,685643
386108,2529297
459519,468741
3349007,419359
3957376,5907380
838191,9271651
2323,1952679
65187,667123
122492,670044
165897,3371845
2741674,141222
2021610,55567
58200,269280
509630,3421280
151256,8657299
1981091,4412210
1701824,2056174
619202,429226
2973586,935215
1072862,940024
61317,1756421
384320,61058
263289,133331
16203,5477935
378597,2040414
4885537,4882463
4843376,780811
1614688,1902855
1436688,102907
5557307,3428287
3433947,266470
52338,504473
15202,407627
107201,4188860
1602506,196780
65187,1105813
148281,12216
3487,8413792
37562,622854
997493,6895309
8729216,8729352
649611,22086
1503010,47162
452171,8765319
16031,1511381
155294,1349110
71023,177874
935215,619135
127423,661453
2360557,3309034
13911,3048644
5969301,10554079
2283825,96853
1553004,8400747
8835,200408
4121584,2894545
200119,2671212
2971256,4715611
423258,627753
429245,677006
37061,508024
1073646,6528216
2894848,1048171
1567725,297831
1485779,1342831
1348017,1348062
7240543,3428159
874434,5535564
7034,931645
6925903,621399
1525959,4864942
549530,8776291
92861,1040293
1046609,8765093
2802203,8769438
3487,7067092
37562,1439600
1450,1429043
1172967,47575
3480548,4531675
7676938,8646478
3493,26033
869637,8820345
13179,3417830
568387,8852039
3204462,402574
2178608,48234
83484,7929450
386111,228263
54988,4196580
489178,1623900
570439,8765338
3402,11195212
3487,960008
2942789,1725075
578987,117602
744324,249248
264408,1314926
4217049,154292
7671166,7918247
3718,2082443
3394137,667431
11350,238898
505943,8763532
3017189,2286682
200654,2501612
3907250,1949280
297744,298144
6918314,5689
5178546,1349110
1107552,2947072
150761,8762941
2688246,2688194
1759179,5432589
444613,46761
983451,56737
3493,3085831
196241,137134
3918371,6904188
1021074,9954955
616382,616359
117730,4255208
654580,1505000
3282,3277
1964951,1964865
182709,32182
2940824,8762946
1894923,6623784
1129322,8958821
47869,661889
119368,848480
8044870,2364730
2208958,3403
2938984,8822816
2700615,5339753
7678762,7677563
253855,488208
4426223,2325187
7709323,3948694
44072,594797
4523195,3403
1305241,2522523
13735,32291
4051448,8828838
63499,8777903
3381452,200408
613715,393576
1132628,550093
100825,9131401
117958,10676516
151027,8850579
1322250,45975
474447,3033194
972439,16386
6303261,5994113
1674328,658747
46407,5712184
620202,117884
71665,5537201
690290,12881
1228727,2175243
1026033,940024
1505227,2917
1372422,154292
6217516,5994113
401826,3069481
1061305,8764423
5334726,16242
744522,561727
33948,43726
1119220,44072
88535,694386
256973,2884477
276592,2826761
894332,3428159
4018,6729507
866313,5993506
1109823,8764425
3472577,4786851
402706,404377
469500,3594741
474359,94634
2424676,3281576
1984520,3351902
732762,9812198
13911,3387903
64513,10925586
1513234,37576
234876,929241
2940241,1720
447791,8297
432903,2959290
1515222,2299743
517870,7864891
1159268,3493
504543,2343741
91742,443557
3310068,550160
1882964,8764417
247159,1481700
7076747,3887
1347078,55567
256955,4514162
92861,1510607
2873349,2342920
159969,159311
6800943,44064
64707,855883
2903425,128627
17213,687419
1413327,1394193
367673,8766854
5761551,33391
23426,714181
195220,1155210
4850739,693173
65736,407894
196039,91802
31106,1294730
33391,2624049
226967,117874
592226,604823
3899853,8018905
3296380,1290946
854852,7792393
1583082,46561
5020544,175567
724315,1368838
16201,2816388
3083501,4573533
889017,189279
32405,4809218
6511170,203356
48042,4230845
3599181,7496
3390019,232153
72412,1097344
72280,2813382
13911,3051421
5727287,5726993
3386221,37576
5308246,1349110
676171,1002267
879541,2283433
1948735,8781870
994089,1616116
105620,4861418
5918334,5914783
195362,1455411
5629606,2778492
7011,6689154
6627614,15163
1392572,426605
1156923,1581161
89068,220141
895890,8794902
65922,1109631
2940314,44095
1061298,8766814
5773,100535
3011198,208407
1817397,7071760
1716196,3493
2786530,4533260
2680996,62108
46834,1291486
7308302,3210933
6701065,8657299
2883328,12486
635947,3367892
1147637,4077849
1900727,46232
4850875,8774514
116760,3085595
855862,3885799
1491317,428026
670954,667832
78541,3029972
3347949,8767493
228875,264613
487645,8766732
2340,2510805
6564797,444123
154292,456694
2936585,2702152
298977,297447
152510,5726498
15634,569085
293179,71555
512432,8592362
510602,3604062
480645,8763550
1294146,48221
292430,1205244
654482,195227
6429303,8121005
429245,549173
44104,1337688
137239,3417415
533407,1776748
55021,11149005
1353855,91954
8226260,1202400
7330258,534
1353854,444555
89068,1055520
3432909,8851799
45785,39711
1382473,2327964
37508,1293129
17389,2253515
2470787,2470071
2704183,2704161
3587743,8762958
1956400,32405
18115,1516711
8025831,8023945
3088505,444123
1576376,1395
1988054,4424962
499421,618191
6656,3345456
4172787,6841440
3574625,3573850
2339,1070561
6992312,2041453
384356,571892
732304,269788
948054,2265954
3493,1513194
583125,8764641
1693,1510312
72403,445785
1879775,7790603
1095160,183759
115695,8766786
5747844,5747860
657526,962852
3493,1515562
4413264,6286
221744,573164
6252410,5994113
2121875,2283
479205,21240
1517216,133094
686489,659808
218552,8900566
99249,99192
80995,645510
127653,22429
297924,374689
3097203,8528
245345,8766844
1132853,550093
1773337,195330
91802,1174976
7580422,4573533
476778,2702780
435837,433889
4361061,2041453
5966993,8764405
2637156,718079
147874,668195
933925,5662138
514444,9963800
444266,201619
195527,1603746
628845,224396
1250154,10286262
2293583,834365
667431,1607022
2621847,8762941
7058005,89068
1314163,1545282
861082,9277439
23155,1972970
1508466,133331
2940212,9955575
2499700,186347
38625,898693
183019,88504
3234298,752589
3142936,294603
422726,1627768
366549,105897
227149,19933
11126,6570512
48915,38440
905153,5792224
47344,1957151
244030,1096393
7532720,914969
866777,2322
139642,8784317
4291202,7833049
47205,901632
3005108,2169527
89042,246812
547486,9181283
46115,411312
206738,47976
882598,1453198
3564113,1083296
244875,402546
111800,1516034
2771845,2771880
1496626,1644941
33975,2980776
2170744,2170865
174603,5982951
89049,34101
4552938,4552906
56669,6613576
1665929,872320
902429,2188569
148455,8806397
3925573,991788
7437708,2445814
399586,4126671
46643,395128
871503,286500
48094,5324882
29376,422008
2288780,8765702
494903,8763537
6524437,628991
1510432,1109251
2089449,89068
195786,1554624
70719,453726
938409,91802
629622,40415
1552865,1340935
547005,914718
5950662,242186
410207,194943
503958,1291723
2457345,432929
583323,388025
933901,66276
284687,52282
5046416,4222868
72413,6604644
5662763,5662696
6790908,3927153
408809,1984520
723024,56382
2877899,4397906
2273788,194582
429194,2884033
2936739,3043555
3152301,6618449
1006573,9072390
1028437,4744491
423258,49908
4795001,4121079
668530,916464
545735,4691380
1293782,8768
452384,385294
4052665,3211249
146352,6623784
2183913,1490653
2906774,2603693
6222388,5994113
6117906,5994113
7666360,5993851
506100,8929260
593209,9572640
4578541,515015
129894,991564
505717,637228
513474,7802805
821085,8814736
1508060,197449
557571,8899074
272618,8769998
31355,11221288
151589,9668334
467802,4014327
7183072,534
3014564,876747
3231720,533149
268317,2518408
841875,136897
1438457,3109655
4194400,16147
618955,399385
79343,2075320
1846903,654474
854823,8767481
196042,31773
33975,266492
841875,9487278
444123,718706
5379449,16147
854548,1351780
19316,9308813
133094,5831194
4411513,15322
1329024,37576
530647,532758
2064333,4342238
262806,432929
445134,618500
670718,37508
966125,245477
1292670,4194219
3887,3530
219293,3126910
939234,299822
547670,16270
620696,932733
498760,8763518
10215,11511
1133215,66027
2480329,3957571
2537880,56698
3065601,4672
868320,29424
195563,433578
5276,7531092
133331,2884669
266460,58200
2903306,48915
487930,8764440
648913,877830
1947159,10810991
844007,1781622
5502664,3408575
91742,4192405
63499,125278
147101,672556
516872,18178
22372,382321
11126,996624
1279077,399586
475119,940589
4195737,444266
366,345
267289,3544687
1852756,16242
89859,55018
3382183,219293
3692025,7496
876424,8338526
403486,7285057
2309369,136368
1857717,10229073
208407,8717218
226593,92207
196241,1500082
494471,4567882
4728433,3176079
3493,3383684
1184645,234046
18097,11109381
3487,633445
152943,645614
132404,25288
1503968,1531908
4709698,2543190
421438,1436483
738281,738159
3571575,2510569
199258,2558643
5754565,2283433
513967,4014708
7999983,4330274
274594,9332133
1325582,6577696
5754089,3341838
7132876,3441
39006,633261
7744,11067
822277,8763549
47743,13305
469303,2473164
23268,322488
8303697,55021
983399,409
573556,195729
59072,296508
7724846,443687
506076,8765669
207889,3029538
5594897,8764090
260645,14614
7438945,3428159
234225,1829598
1535371,9968939
1843884,4509003
4493955,12890
266950,940024
769942,766351
197092,1308475
3473388,92861
5336000,1107159
610549,85050
382606,7448163
5622869,2778492
565091,91802
2959905,3026368
5185344,1349110
4232988,114149
253421,404111
195998,4415400
444555,3139468
107636,8765014
7206464,7627002
619296,3757
7539705,929241
46521,242248
4899683,256953
3321003,4212055
8591752,2323
105620,998318
2943633,21362
3345973,1165657
263357,16252
777202,645019
668333,730523
4171114,8770984
195923,3352949
3381083,33970
216980,3592522
14765,797152
265243,55265
547005,7253661
55205,1167882
68961,1502515
1013794,11749
267518,77559
450883,16201
2103669,128627
511395,4386404
217045,407048
818378,9229128
3223081,869933
1187689,8764406
2188809,844928
195615,450586
1119190,550093
3177794,7496
376971,2647208
857415,782923
139123,443043
56003,2714253
1303272,8121005
1776154,1382473
1014373,8762941
1511824,5884647
221434,705634
150124,425699
235454,389945
37562,2421118
5488216,5488294
672004,39895
6400347,5994113
2312145,10154717
422753,9236629
94412,211683
218005,3026368
498176,8763522
268939,447806
493005,9296845
52646,1884704
195157,1108719
433198,119378
1171421,2662364
1715986,7496
2408312,9530265
17653,673505
226126,45436
3257216,70163
39154,1045253
955727,133129
8719820,934852
39146,7100
7840666,1193104
107037,932183
2441910,8593078
15339,69009
684458,15297
409,1062300
7265154,9349467
4184479,154292
4018,3685541
1849189,1313617
4415303,216481
6785431,1419046
4853314,14731
4190005,284688
7319922,4573186
9051,635947
487346,8767491
2518334,16201
668850,451802
2936497,8765163
3956664,2694018
423226,10524906
23036,1041759
505099,9843279
3067722,5988442
606183,370443
269842,4194696
6779040,1450
851705,705516
6555509,8822879
2070276,55605
545941,4131388
3608110,117112
118422,3433033
4675585,743909
2811361,3379811
1489025,947222
207889,3030193
1504965,667431
6552145,1237399
195786,1291824
1378820,2167308
1232500,65187
7918249,7918247
223460,433552
33671,167623
4693896,11120671
4189895,216585
12505,722
135618,1921478
2931295,645019
1657272,2339
6537568,431833
200408,746827
220870,2486119
497129,2885876
889135,593392
248643,239632
12932,71657
1131295,1157261
71386,2904489
1908263,37576
169882,148737
3364,265162
3645268,8768755
8330503,3364
621666,1292779
56591,1665469
2969551,3470838
195220,3084983
4137628,22831
417588,1143315
272029,5825802
2090171,9393992
7516540,131929
1329600,4908049
4992259,8968370
579675,253327
152634,716
136836,8765695
1956449,2662020
68914,55035
654956,7817294
111800,1314944
3493,2167824
2942136,8765338
2340,293065
1762621,49908
986168,498845
2846226,484874
1321207,1490827
212950,18060
878938,4658855
1359158,654945
127578,1040056
82831,440286
415294,8779700
6576914,417588
91789,232608
45785,6601864
581174,7744
2761154,645614
1410976,11997
4106076,4018
1164554,259580
48595,31966
512153,8764420
274371,3094813
2244681,2244768
117992,901626
1100030,9157025
4975965,782600
87472,25587
1628415,8861305
859118,1716559
3480670,3480277
1186501,55021
194821,4218155
7843117,10108905
3364,6720422
694145,553548
223460,2949452
5231,396038
7422654,145038
428768,4659013
872070,8475507
88978,2561615
647600,56669
618823,18154
8528,433031
7683701,7677563
3109247,430545
105620,223660
482081,1947491
36863,9137484
602750,1147472
362741,141222
628991,447902
2178535,397157
54889,2661898
91789,1509574
3998888,1504018
71386,433000
268644,91696
4587040,47056
3549999,12890
59447,5438252
37562,2649460
228233,25500
106743,3087472
4827866,7047761
46345,1617016
1025117,3438168
553679,377230
16201,1642759
674429,243556
134661,1901518
453384,66333
445062,4413989
4411596,4018
16070,4391395
23577,422508
46021,117602
156144,3309498
54255,447806
45369,219293
901771,7744
619482,3369040
1162088,386085
16083,243556
6495739,5994113
2304529,547132
935215,1172075
6614411,256955
2895995,8762947
2165023,1978000
5386950,217798
16242,4194988
494006,4823703
2673459,8764406
1287330,478092
151245,602588
99863,1171734
270277,903767
294603,6913986
1361375,147522
154292,10580578
1967777,44064
72413,1140472
442962,9789
3179394,6585756
2137380,5738472
4946227,1778921
2938217,537023
928663,71981
8222405,2456084
1232027,3277
1415788,9150238
971942,7826500
500171,2247906
217798,71888
3877721,7496
3496867,9920042
2368732,706120
4397624,1333644
78676,217798
590037,1323275
270059,91789
6297403,5994113
619462,214984
1577504,263737
7318853,3390929
1001195,595377
47162,7587436
4534831,543702
39493,2877469
168879,8864434
91742,3592821
290308,2067196
2621334,3404135
99862,23530
2168757,9610144
125619,226780
878307,451100
471638,9116552
451968,3113231
681859,5670422
933925,5882908
2045098,4685317
1293125,133331
2376482,1753610
72413,6786497
7122605,288074
269788,551922
196096,220870
1437533,432508
149790,8764641
2316491,838875
1061424,1379461
4198579,451479
363872,1363794
117139,4393775
4834731,12098
1227264,159855
1265903,1332717
3594900,3894252
391356,76469
421123,12669
673131,9142323
3493,1296325
1098183,263506
44040,4022834
1448729,1013869
1244223,712956
10054,30008
65187,933217
503368,291543
244720,533454
1127634,170783
503677,3595990
1295457,154292
192454,198198
1149663,119439
68680,4412140
4442088,798665
5949037,8926
3390014,2339
1778810,8837533
4027816,4027047
2926716,8803000
200240,4152619
70849,2398100
404106,21647
33970,4408793
3528366,12890
2928680,645019
135992,58705
494949,86126
3142570,107928
38401,598810
292930,6592772
491363,1753647
430773,8808805
629772,48915
96328,1170154
2945205,8763524
3487,1506791
45561,234046
153560,1169954
1356835,207644
113,48221
870275,2778492
3687890,1186522
89068,5765749
149455,1131225
214389,8803772
464666,8770071
425916,8798777
2938987,645019
508461,98424
152448,555081
45484,3457579
3493,454001
452379,1603712
124611,124842
474243,1420164
216481,1955459
4781457,280514
56532,222444
266480,219293
213911,136832
1031597,47579
8528,54071
2775831,2689853
26849,3235277
2941176,433304
72403,194897
7675651,4169958
1043880,119446
2454191,1130865
556188,1176773
56668,535148
6205183,5994113
4672,1510200
153016,8776338
3401603,10552963
568579,63925
3402,4334455
518927,7094172
5350315,18115
379180,8313471
226649,623070
703541,8877569
14314,9149497
151290,9367768
4684758,4684747
4556849,6580636
1659,507890
6771801,194943
495524,6923038
2173703,94160
35964,421906
2006780,8950838
1720,48468
2942439,10022771
21693,977898
1873491,15656
213358,4197782
997052,6618449
1450,4845343
433237,195362
1122466,1801293
22421,43053
513913,10023472
2238720,383447
4191944,132335
3402,4230207
336388,8774962
1827402,3288530
811491,546423
453765,4672
5022421,18515
486023,1821039
2763513,535483
4500827,1229299
8690,216829
45785,1710
7897353,7893802
1114893,4994185
282003,195729
299674,620530
604442,284687
216825,195146
56669,1160760
400240,61565
430043,1790721
3383778,1450
3473167,3034853
2135854,1149735
220134,868100
93245,8839211
150876,9570163
293241,2325071
265243,6529665
1568917,38401
1693,562213
720716,728281
14230,5454727
2936607,8765370
619012,3119449
1539127,1539132
13952,3383226
262837,1657061
1223264,92179
67948,450979
445134,8262785
6286,3389109
496495,3054353
1446725,8763522
1507656,1096393
584784,940024
2392253,265623
1324891,1064640
208407,10977434
1576181,4118288
1677385,582282
3491871,8770965
241747,267335
3274540,182059
5276,107271
478487,3643926
1937161,4018
8400,10001
3144739,1431856
2442493,265395
2753193,102907
1770127,1313392
3487880,1535077
376563,1607817
1804021,3087177
56446,195146
3487,585529
2207045,4018
3488205,8764430
1455328,8769965
628426,133094
1509782,9686848
2855646,56077
2850204,2694018
4520895,8776973
3926070,279945
80008,6608089
1045245,5662790
40415,290082
781476,624788
629995,92178
2350281,847542
1311022,2297
203335,2503976
339702,8768955
5198011,1349110
2116751,606588
2268051,710311
3176201,1435670
3167070,7281160
831939,4873959
154015,628991
56591,2648538
56669,1499997
2836194,2748651
421886,8771315
709307,8340514
4401947,72413
3887,1357369
3345359,1292455
82831,1456157
649338,1506576
285145,208407
266362,46381
843572,1398468
423288,10250645
3071686,915448
7746514,7735881
7521588,2518334
475681,2055660
601641,231873
153395,429311
2674451,46381
72169,8746380
1827406,288368
2468602,65187
214038,579435
4974882,67035
8677563,649679
4207838,10062442
853421,566652
2748385,141222
3603529,7496
1163815,8833977
1541721,1063421
1470730,8881455
748478,2340
144598,7029492
508442,993877
432720,91742
5370362,9073389
8468308,584823
494130,645019
1891260,3434754
127117,17585
31355,8584366
1084602,1552915
3328283,117829
65917,134853
61680,24964
504648,3309020
134869,56556
6490801,89404
782600,8885097
1656246,619144
1606351,16013
511054,196739
6491,1929443
1049471,195146
1542356,262837
2857811,2848344
48050,4985191
2158252,599191
1693,8316413
8079,10511372
884448,8774254
107199,1096393
105620,619318
87315,1610475
2311,4408413
1741439,8781009
5568527,481503
3629764,8763549
3208309,72709
2940879,4132123
1660416,9117760
620083,3441
5119652,2041453
150759,8776334
483262,280514
447791,4106338
1570794,572297
96921,11116518
8922,46396
125577,628918
93222,93799
4208,3504148
478612,8766448
138440,40453
499038,16823
3417,1852528
4726757,5152910
1618838,34852
940137,55716
195831,635947
6894,16031
96328,3895091
4103253,3424574
92922,1507409
266908,3493
226282,655482
497701,8765712
1084470,381734
217244,653771
4586441,244768
2311,1758224
174603,1768650
3357221,584823
463118,499039
2323085,9808698
432660,1842148
71559,679823
66333,1368075
152923,119055
882974,9288784
71489,493646
2066912,722843
534,7372477
56591,886131
527765,12683
939399,1442035
3061468,556138
231898,29424
748699,8782084
368479,4882463
2764636,2277627
291175,56729
210742,2058089
4958386,10270904
857832,3288530
218787,406055
7221763,3617029
217798,1298780
1149197,22013
7916264,8001546
424719,8762941
107037,682204
3357005,10491095
1279191,44058
80335,130329
92733,700789
969922,8767375
477678,194833
118242,68555
1409549,1394193
4957053,2073
4330196,2166
40506,47205
112708,9114484
1099205,584373
82185,5664513
5349869,1192786
226967,45941
3985625,1443003
1291252,915070
1535944,8376012
2046364,8750857
1172322,216898
499246,8764921
152932,8765260
8220124,1652524
4947338,1245373
2793666,2341022
991320,8973246
834190,8791035
72169,2284252
3754934,7496
37280,34632
552346,8767459
397922,6883376
404810,7253616
512220,2812605
2062293,8767492
13419,100522
915247,43040
514555,4747578
1506,47350
2813059,55567
6577086,396038
6083484,5994113
4553237,245552
4466919,12890
32875,61068
8528,8300081
486299,8764431
71863,1642699
1960759,16281
621465,2781932
54889,6725374
102408,511800
264275,293438
3350653,25442
7306092,682198
56959,8785347
496646,3309153
5555612,7100730
8194877,8121005
5211655,2041453
193822,2186410
195923,492323
696971,8765001
838930,16482
1450,1498939
152293,9765428
2364219,1455794
374886,28203
4125687,4125617
60339,72413
53468,1342666
5043774,394799
195729,8467656
1286487,1286459
91105,3530
5047933,8784785
7899480,97219
456952,2948820
658420,8924288
409,4965357
1736395,471646
1670975,496372
636679,3319266
184346,18156
491385,5710329
744986,1480
822317,10852535
3296319,547005
585300,4930368
4704737,1659807
10475,7189
233251,8774887
1495376,2340
82831,2649423
154882,1315044
1110325,2963274
151544,2655498
35281,924160
2206803,8769216
2299073,9976883
3383715,105620
17389,1836102
258589,4501894
913497,163036
48194,53914
3613186,1867461
2930787,2864754
649225,429311
3369298,443172
4973584,3407111
535483,620244
814047,176509
679761,107201
7758367,46562
511702,8986850
56382,722008
195362,1737587
1313701,6599906
274438,1336055
644494,27490
195786,931857
32171,1713715
51985,565146
148321,1875571
44932,9404007
1546589,13911
51985,3668345
421147,8771007
374854,202777
149718,1876248
51985,7353246
3321461,8943701
41545,8767485
2445558,120355
38669,476910
4665695,1737495
2640288,449827
48182,195157
559118,9083181
3695802,7496
55567,252053
856821,8762949
1326008,6089
407260,9038185
1758495,8311580
3849385,7496
6096182,5994113
37213,1850718
4136061,60668
2425516,2703897
110376,213358
416153,7034
4103919,3424574
135634,3981619
1142048,4227590
1709997,6537088
152568,4699889
2946181,197521
1049162,598760
4018,1434970
842390,220611
1450,3394153
3464166,133331
1287358,3364
4628666,133331
922867,8867363
1369086,2161706
601345,3887
339,501482
3318128,1240176
18154,1490722
992510,876801
1048852,2311
3386335,1424
1515747,149702
89962,17389
3935665,180424
45563,243401
128627,45878
8673308,5611279
151952,1414968
2971098,442336
2247775,290036
8348697,56077
1683889,420756
1504194,1291739
43846,31106
598487,598236
398124,383105
97971,2333
68573,6322
3493,4122377
2594853,917940
259580,1851954
546545,32405
4044369,4122343
91742,4231322
3417,4279603
724462,8766797
6560756,429194
22454,713091
898037,5829618
55511,194999
118422,175494
644176,8787082
4397911,1049711
921738,264911
37576,1563711
33975,929240
152498,8849892
497761,1753610
883711,644988
928578,133331
6531966,234702
486101,8762970
557928,8763433
2763743,432929
839053,224106
450548,972791
5971440,286545
154360,1293440
1317,16070
119674,142192
28882,619352
4761805,280514
1940158,682198
195923,2092756
476627,475679
853421,443316
4625796,3403
47205,1639511
53881,3554820
1381805,1562947
48915,1484638
1499546,665156
1486905,34614
92193,284687
4018,2713311
903071,367446
203025,192899
191738,2061359
565734,293136
8728,284369
696041,8850052
468029,3477800
4415448,54006
2937364,8763261
2714163,2109994
154292,6515008
504926,160819
270866,15746
1814312,2129653
133094,2306436
1037693,1431131
461359,9893905
1053691,55035
6689725,1467498
47350,1213697
147670,10847822
863521,9103518
411544,4117143
610549,1480827
444555,6620997
4196669,71823
1662167,1114996
516082,265395
372791,7056551
432627,119477
549600,1031801
263723,401656
6509756,654945
119477,2763366
1505933,1231380
511937,1043296
3946602,8769331
725178,152820
13911,2771490
3167035,407546
499326,5664513
6738940,1166959
4398569,16147
6429758,5994113
35820,2435154
1073307,3718
3941164,560165
63510,422508
4512675,8765668
2486154,7796213
491535,8767031
525520,1111711
8222498,1202400
148342,9747563
56669,1794800
5351714,2904768
620797,619096
3591692,961303
1822961,1225831
264911,3928683
2771990,1693
2827788,1510802
6525556,661993
1518379,195745
118363,8823100
455860,132335
339,3180101
269788,4957461
7397078,132335
514002,8763525
493692,8865129
4451239,84895
497221,9110172
852438,3141836
621722,3493
1471020,1488572
374734,2775326
724789,45785
265306,3333492
269788,1704328
2092344,897074
900894,493204
3011669,399586
1488696,96328
591197,25442
6102065,5994113
5058252,1002105
216481,6621325
884796,8762941
618788,1849480
221025,270284
791404,8764579
1745803,8765093
1704329,33391
1691558,5980671
4144082,2457982
47350,614277
477874,8771334
4245094,2516933
4850875,945912
3258,3352092
1827725,24160
129995,79289
1505085,284369
133266,3982845
149599,707001
432678,269279
54455,994332
17389,264904
5737965,2323
1850940,212835
152563,1420028
71429,732408
37576,1850467
54093,47743
54476,2054839
8463602,32171
2833131,4013573
912240,912237
27334,7813839
1397369,1394193
928637,43835
154292,3406870
6601477,4788
3887,6525484
6710612,55511
16650,188959
484305,4083
8567785,195167
153560,195372
504631,8804002
63439,525724
270284,251359
3599996,9377145
7592867,1515658
490441,8769221
212830,547554
263126,86021
186168,557403
8207810,8121005
2256614,1643110
48042,2141241
440010,223460
482154,9775966
5566979,8657299
6377926,5994113
195527,2999248
432813,82831
1382722,77446
2254095,655503
22566,644713
1046949,1017038
931204,9061682
1297651,1019823
3026602,2951522
428200,3887
208301,410873
7423089,1761847
242950,48050
6539378,91742
388618,8862978
266410,3402
872575,4798560
3911623,518375
2476399,498971
628845,3382967
852256,7743
5885760,2339
738023,428911
33975,5734819
515445,92355
89068,160216
409282,46415
1424,200030
3805419,7496
256209,85716
152700,9673325
2933662,718952
5893689,441663
2401012,375994
177446,8791749
534,492323
71968,5251086
120363,71356
3088026,48407
73957,12098
4973966,1518167
1322627,1298079
67035,154295
607608,117602
498788,1285033
5151614,1349110
302539,377154
208407,2687953
31969,60902
252794,462753
504420,8765704
7321285,7744
4258350,1128702
397157,560872
1794138,60436
7615525,3224914
2237658,4018
195983,4397236
53914,1774329
1211955,2108600
1187878,8840667
3402,5806832
45545,18154
2340,4416527
6946973,2041453
6739808,6286
814514,280514
1288141,1538512
2284276,71136
790908,10958594
1544415,219293
2201854,5448633
48094,10676365
150761,8766707
882175,7857376
653716,1096393
3308703,2694018
4176780,8935955
656397,493182
2857240,2848344
614233,1072066
7227632,7141881
1762689,979719
8069753,2893062
1072066,3261527
1899985,47205
8557942,8557929
1784109,851243
1059860,107201
5965272,13952
151021,6639170
6699,33975
148241,98189
452166,3487
8738922,128627
1575744,1693
4506430,4506580
1737697,525509
4649252,219573
213657,455843
1680077,16270
1383004,234046
6285462,234702
32572,84813
934206,1824238
867930,8763534
566414,444275
263530,442975
177350,2358696
408371,408366
4408816,655266
6237140,5994113
292353,2167484
1366087,3362090
72413,9883
125366,23074
23232,70640
547414,48050
620445,46396
3406013,291175
2710308,9637467
509825,2003593
977473,5406592
4023345,10138529
3468,108946
71863,91846
4230911,45785
445062,3407760
512180,98189
2499573,203356
65187,734506
23347,10168861
1844872,20455
695438,1775735
4737032,31863
8079,5364340
117602,6813
1742910,1349110
219504,3174444
1556027,1209994
11126,2697837
2666290,402369
2922924,811067
4765292,9120455
381753,257713
447791,6575114
2578696,214487
203100,9251987
844390,214472
1705394,1018970
4866881,206159
913312,423193
285421,3433
1496328,1517280
149509,5470502
53557,23354
660612,660636
3388104,107201
121682,1221972
591338,56003
867493,8766448
6963,267867
508017,646115
44072,6644928
695773,44735
9155,117986
4698589,4397906
550560,45484
6681609,6645991
195729,195784
4556163,1144144
3887,624778
3895013,3894722
1678906,6800987
1386538,1987903
1214412,3441
1329175,6617776
1238049,82831
61019,1627060
23508,9201222
1748570,432371
1158444,5789263
1189000,377339
1017038,47719
530397,962863
149260,217184
23157,3165690
386088,1116264
853421,1214299
4981120,8769217
1451544,8766801
7134470,6610142
33975,5735155
1711493,192573
1540423,18515
1206236,509318
91789,4410518
619142,4417509
540605,45007
7436752,2237761
44057,2832487
91105,54292
474356,7510883
311555,105897
628841,241591
49841,152504
2529934,2376324
2299039,70253
1353856,55021
646425,560600
512670,9293485
1068417,1776588
4197222,4414474
275452,1693
7340428,3695915
48050,5725629
83677,12890
166556,784061
1123353,8765041
268291,619142
72280,3333850
7006987,1629776
1287749,11270823
24414,828721
5474389,54889
2124109,293438
5170042,1349110
3409187,11000618
44058,1605858
66027,220870
486271,258775
262290,387517
44064,655527
1450,3399224
2260061,31723
559307,4621575
56591,1848868
4849841,188707
47743,4194268
12134,46396
3310230,8818065
5601917,8763470
2058564,1340935
77230,1693
39070,221790
16147,1562106
1847329,1208576
68312,55537
406570,2620687
56003,4625779
698432,8771104
403299,6697961
65613,9569738
6524122,206159
216481,97645
2050776,1015105
1820,645020
621666,413495
3144400,399385
654908,217817
1350842,194869
468,1443785
621644,1830808
4853906,48015
4021413,7802805
513303,8763550
24295,3984789
3918060,1847844
5709340,10799009
219326,443687
195828,444123
3212927,692676
1251130,9674281
121193,1956288
882247,10431750
92812,192799
2852039,2848344
195563,1499354
551991,404520
859271,1068587
490664,3628350
3368744,3500579
8562990,6834347
557944,8769222
76652,56355
216100,2487397
4450730,444716
5953228,552847
843870,2050686
7724,1765073
21644,109415
195167,153945
183963,590132
3493,564663
269842,4197512
2435612,3417
4018,4190566
267199,194582
252027,3354741
1231708,1851986
4409099,72280
825122,968165
3402,2457175
1937574,796663
5949726,1314163
11126,2090088
2360744,9503155
45991,8947558
1442968,125113
5611644,5605673
425323,63870
216260,8763523
127565,1892885
97496,10763960
11126,3010379
32516,9226882
81868,299174
1367566,4630388
462384,8817461
1848246,107038
3343248,5957660
72537,1520068
129379,2281696
4229855,55067
429226,718995
723068,2339
442607,2209
3335573,3335444
1576846,128627
1753037,8773617
1147620,48241
266574,101251
402337,9226882
3504964,7961891
1424,199650
245414,550160
63159,40551
2281919,129379
269423,9330
3636652,10969522
948827,9112356
1514553,1773337
151020,37779
2699889,1607975
2765195,2401012
152068,2716539
2732062,141222
3252226,195167
5049870,8762949
3048026,72413
7740,3911247
2285545,682017
8042626,6746950
2941954,79745
81101,378802
2782300,88229
470982,10069541
2280138,18154
1054218,1350477
2357816,15322
3348595,4705669
3185440,17467
445062,6590482
1232387,44064
194582,1222070
18515,3201464
93215,44057
592779,32638
3507355,4317996
512222,8763470
100477,100424
95975,34553
533321,990186
1202229,89404
2787273,707001
7417666,465499
32508,422508
1148339,47164
470858,434266
1287861,2340
1507636,103389
2360845,1424
91586,681819
1606046,269788
3621142,54031
266470,38888
502308,8763527
54262,118223
664811,22531
839224,8827933
245227,35792
5555691,4120308
781321,192497
3229580,3229519
4259247,4259220
8232586,6623784
1073343,3351937
3118548,217798
1294063,10992201
643038,606588
3353791,25659
1762596,2133299
249850,230447
54308,399586
35999,7521616
1428587,2041453
47205,1967171
132335,7232620
129452,8096430
235028,6535080
935036,2340
5875669,4020274
4283128,2289670
444266,6794165
633496,9495323
71555,153511
220870,1004588
3031640,4197839
149887,8762961
1975,1174281
852328,8765358
4018,8456467
849272,141222
505383,224318
620579,219703
739539,60665
444310,2166664
188959,8764401
5047312,11038991
486436,554038
748589,3428292
40415,64819
1061387,67035
33391,3665160
153668,4958709
3407028,8764406
2638815,3437062
23426,683873
1056265,1773337
4860734,1847860
1502060,1955316
46345,433550
47980,444716
234046,1314762
41629,947870
4706386,85261
2340,4163127
980873,3910372
8528,1847805
503368,8585157
7391841,262837
7773340,7761041
2661765,13889
4841853,8939518
3277,419435
491428,9168234
549666,1092365
1504172,444452
1895995,398124
8178438,8121005
1181787,47601
514554,3123588
2325187,4257815
433423,31355
3216841,1042347
1382722,636183
17389,1736907
402687,3993758
53468,6614112
398679,398107
7650180,7867619
641597,3201721
53468,2321050
488985,8763472
2887416,8871555
217846,106515
8220145,7623478
5339573,4025874
615529,40567
8596134,1606224
6220429,5994113
682095,1293477
91841,56668
1513600,219703
1524264,48915
89968,46381
99018,8801873
16070,7054913
14597,16233
3634,451632
1814910,421560
134596,46019
71863,1852240
134018,21362
9637,1947843
2340,1515424
4130043,2067440
16242,433078
6623783,6701271
2387924,1080020
962673,9395883
1419248,1377464
1490960,715824
5465077,6811660
55021,409104
1245384,3407468
2826051,666310
1851651,13889
2940067,8769221
876807,1354931
1504141,47344
194844,56003
13952,8981573
494762,8774254
2662895,5202
628402,8690
49908,125269
1172083,4672
1303775,494487
788819,2597
1159839,396038
680864,76009
3364,6506085
7427916,6533558
1178752,2237933
2552084,1550267
2687706,2890758
2477775,38436
69016,54476
2212822,187894
4450282,9238080
124737,1420110
220870,10644280
3072230,8771474
8108897,8107764
3001312,3349289
102408,145592
47164,3085144
620543,287508
1678516,1507752
446367,4765292
1764830,199122
16288,5044907
1447440,409014
176595,4930762
226846,3426864
530732,9276745
4197215,25659
56382,4473589
2974364,397922
2312467,6559277
1851759,234043
2392852,10208653
154633,251436
515037,1569
55402,257064
269427,621804
46345,56906
1907560,220979
195096,47744
2074473,749296
953063,998123
6565839,4018
1527523,58200
663740,96984
13803,69009
376472,4529732
105788,9805840
82831,8588
99851,16252
2942284,8763508
2793850,3295681
360858,1140346
1500327,48042
120575,1452961
1516102,8887256
17963,503486
7840909,1193104
3360057,55716
984022,1213269
1455821,931605
128627,2276493
1848454,1302440
146414,2894534
71801,444250
593452,681980
4196315,4684322
6243552,5994113
509553,47211
3122053,16482
6341699,5994113
4009390,1027611
889310,206159
2117358,5311
4193756,619144
505942,6708253
5979504,4121758
20455,2330
194878,2523085
252551,1891141
429311,994347
4789534,1424
83950,8279736
5729990,1917987
490154,8762970
2066460,86042
69009,164594
60285,154129
240850,1240375
504965,8762955
4627217,4684322
508844,887185
3193959,423282
883719,3508450
1039667,301757
7349813,534
1675647,3188156
82831,5334664
5383992,10362976
37562,3385464
2327,8043738
481117,8764423
22368,2647924
5478689,262837
493184,3309021
1217913,913362
1501403,1237399
923571,2041453
261869,940837
1368382,1876978
31279,92948
2437572,1954773
135684,143331
648399,296987
2936286,3454241
227955,8779088
3321110,2345415
625938,737646
7526846,1030196
83950,56116
816335,145510
1477714,1064492
1317013,55567
4901498,8767492
506100,2204508
424627,3290432
5533621,5991755
9063,625876
147055,8930304
2889994,32723
1615086,8820120
68961,19159
1632582,8795320
1188884,89068
1147984,8528
6571092,18115
827551,8765259
627293,1424
1300973,444138
47350,2052398
1958175,267678
8528,1507722
2398059,11071057
128627,1353862
572346,4522335
1831466,487331
234046,2661869
653552,195615
950458,4043097
1686481,1536821
54182,219293
488348,8772942
1011207,148794
648535,56669
2386843,1721939
47205,2442756
33541,4210369
937021,8892267
1207744,32171
415568,268317
1449011,244112
266425,187929
113350,2393629
509804,5664513
76652,302445
1314774,3402
1750146,194885
82831,40827
1770127,4414761
892627,3216997
6884532,1693
44058,2242
4080858,5484985
1007092,3558906
502721,9126061
2396794,1938572
1685275,1669970
4242592,4124001
4388874,266470
1527958,105620
118480,1681087
253421,5404378
6319212,5994113
15322,167150
14041,218509
91789,1503773
138440,1603262
5956958,3916706
502430,272532
7675870,7141880
2878236,9012535
1372100,536683
200408,628238
1023005,55567
1095255,7051
1610047,748198
5048140,132335
2872042,593781
2016489,489586
5372788,97219
16124,113620
8430931,1074072
1662429,42725
259997,7889338
2241902,733557
4735503,4790279
2400963,143552
262837,451354
930183,108457
3412842,10815454
1847490,53468
8192014,8121005
3066718,2362643
1232239,18084
1516226,132335
4691596,46381
147589,15889
1259566,1085231
877304,1349110
5671441,5662790
194821,54272
5765398,8776251
5428597,212830
160156,619632
39146,6820366
4299460,256973
22081,715905
55852,195786
2883826,13889
858822,3418697
6572057,196241
7634202,7627002
47743,995046
1041299,46643
5978930,4121758
1909859,3402
61369,9383939
48050,194582
2912,153560
2795232,3927153
5756319,610412
475932,8766705
4533477,8764437
511782,8774392
5674587,4078409
677965,1278099
4816969,32405
219293,1505021
45091,45008
20455,1291400
7769836,7761041
2260268,8821760
511938,8765698
4960872,535483
56591,1155252
2933454,16482
2685762,8017
150178,603560
47162,8343010
125034,4685403
202957,38253
81415,8986307
3641158,6645991
1854589,1611091
128627,1433035
6636207,72413
7188457,1208557
53468,3224499
3362218,739328
3384416,409
1687126,444555
515498,8765678
3385065,3391292
6760822,16070
1642761,620490
195983,1928472
53468,69023
71429,983657
133331,1866303
731758,1665548
234702,604801
45957,8765070
19694,412672
5523762,10403503
38971,15742
1714971,2700782
1735187,437256
13889,4683898
2489021,219571
1783356,579036
735806,8773528
4672,1528331
21828,1579129
56668,437031
3313649,444852
252822,5590040
194839,4221674
2185299,1614191
130002,79289
65463,239920
1503047,133094
195167,1501861
8506124,6623784
2340,3386301
539667,539270
187432,53680
47085,432929
7108685,2323
160610,4407698
2944102,8780906
3417,1777736
956835,2317851
629737,4189446
97365,1060458
512319,3175707
509532,567800
456656,220093
645172,190589
696054,550093
1576901,1430
6633830,269842
3009533,635947
3030742,207889
4414453,4046
848129,3377763
7527132,2059646
799841,2597
207149,4273799
2322598,1544504
2896319,376920
3469161,3232426
300468,1607959
535483,8900306
444505,32405
513226,8763507
6043323,5994113
901569,4050075
878148,3624
16201,3201336
2070036,232700
3535053,12890
1511996,228263
1233882,491265
70566,396038
653487,44058
654945,3293886
230447,6894910
4645150,4631469
16823,48771
47304,398124
58434,492801
532663,619348
3161156,46643
6491638,8121005
2829150,9686826
5292176,1349110
6516066,203356
148160,4832890
444736,3119616
13952,627721
764134,2376482
5716575,4133508
1094087,122685
8726247,1506441
1079802,9412885
793055,6558829
6770863,24295
32058,1910646
69014,58666
930793,3816409
194821,2662575
861908,3624
3010366,504128
934928,604769
48042,4388353
263126,3910156
3569421,1448724
2890422,8937407
3100948,1207206
5237853,1349110
139602,8777360
7901994,8096430
416773,8793279
484274,9284711
3498875,3056011
117992,1293475
1921656,8915878
5781214,8764415
1337688,195286
196569,48221
1724919,8911983
1474158,904813
2477054,106341
6454687,5994113
486848,1606134
1380406,547572
2621316,8762955
12484,78847
459185,7687485
13232,8787351
214592,2458822
54476,1312160
4505987,4505965
1109564,4144202
2701187,1389753
466334,47101
514554,10454253
1499283,1070436
5743033,16242
856026,15346
2309700,219532
285934,181535
8366795,65187
1073343,7394964
63498,425867
1379415,16201
1131747,2440335
7980877,8107764
881132,8762941
2460064,796663
796620,8765167
5517668,647756
724353,48234
3629856,7496
12801,4584259
194943,1507981
482383,7865379
627168,133094
793163,8121005
4820272,535483
182745,3202981
1314107,445062
7318110,10967602
1693,2050102
284687,6772982
1552865,3493
4163789,8773831
1116618,7466841
1517894,72537
253507,2766399
1114000,8764690
213776,119217
48560,432660
44058,1953915
6813482,65187
1748358,408838
2340,250302
150151,16890
730248,8914970
461466,2720603
931975,4113149
939538,4155394
134662,194930
3573850,572564
2558632,620471
860005,1279626
3480597,7872324
4577650,37779
416838,416191
5823642,8883647
1926804,132335
4517941,558519
2115569,2115695
6286,3102024
1689847,1309655
291175,1073362
44064,2204648
33975,2323985
2306711,8079
68961,1506082
244878,1207997
443971,216087
264911,6749519
2960504,55567
92861,1448694
3374514,284688
2141251,1652921
270113,16929
134975,8766694
56669,6800594
843395,21362
83743,2420227
152669,45567
681859,55754
97804,10784977
653774,860625
160610,1112570
508669,645614
233727,549676
504250,6935797
3280532,654945
1849617,107201
507427,3937222
662849,1748358
2656175,5482937
242576,6286
1294322,1463370
134901,56382
1514665,3403
5742732,3309498
839476,3056395
2851297,184469
2288180,267705
269842,6728218
3084877,3364
81127,6590897
8991,64406
2699680,9632340
621666,1293296
620530,10799141
1073343,4960599
54476,1581157
7976169,7962570
91654,120076
48217,2906345
1515123,5671444
2313199,447806
212830,1896365
399867,3649835
550696,216481
4113888,1313909
160530,4699530
511024,10091774
132335,2646687
621465,194188
105624,56698
2327,5555666
30482,4989892
1722540,267335
2040200,41493
4049843,52985
493477,8765335
70772,70730
450979,2775352
446,194702
760508,8764987
2207107,10387176
14420,7328521
1173374,84899
491398,12852
3262762,284687
262047,208407
117961,1314594
3006062,5974804
810023,797152
660741,2495841
471670,10840143
4626303,89068
6389828,5994113
68961,629663
539373,154292
1145345,616131
619012,1508859
691368,8762961
1944277,2397757
4667039,4667025
1238263,2136
4230465,53468
3192472,861059
499461,638172
258375,82831
6629151,1450
76652,71275
6135515,5994113
151115,125136
6686556,56669
153560,4063629
5889016,4121758
54545,1096379
67853,8107764
15291,1679276
2067501,96993
120076,2114638
4718304,4284813
1142704,3408452
3994970,1223230
2384913,422943
1381805,8364137
1875072,3493
32171,1371118
45731,8766692
48017,1199774
856306,797152
1450,6777192
1240323,1753493
270185,37562
569511,10130037
7666259,7893362
2476084,195167
3493,3736
644837,718621
3498174,7103223
2084121,1758199
3487,1212910
1293434,285282
2311150,3388536
3207657,10408827
55511,6694085
8363907,18115
55448,7034
1988280,216980
3918060,3350682
480970,2022628
1597356,2514231
150053,3309325
892498,1299833
1202677,7034
481915,3056395
2394493,265287
3613488,534
6739975,47791
4109096,1349110
5372059,1627768
355638,105897
3483928,3484242
33975,1353339
48221,228095
1202379,3407027
1976916,37562
71823,3353671
5481931,8788794
2768188,8774403
496221,119088
627484,11126
196053,11749
7197916,7790603
852682,7451146
47575,195855
668220,8769401
2284294,3918060
1346290,2562165
127578,2084655
1735284,8767738
118422,662310
3583156,1826513
212830,218104
3578750,7675712
1097122,9668993
7922816,7958824
195623,195729
7587155,4937036
3322221,56668
2128294,1049161
1870329,5477241
518951,5442
885359,119055
416191,416969
497030,36797
604781,265243
3524312,245477
4230924,4168722
419607,149923
854176,8877617
3493,1374546
478307,733648
2944077,9013868
7129138,1064492
54545,4530651
1045253,3518511
1786426,16201
867683,9110704
68838,234702
991533,66333
93906,2824456
1368210,28385
251409,565734
2189380,2848344
1656394,95018
226403,8651260
1166522,1323901
449399,92368
4490,52351
4141520,11749
846763,797152
1194300,5367294
405089,4227389
1516226,89404
175771,1564895
653764,2311
505611,916303
3087550,32405
1170681,4180569
143082,797152
271275,213757
1484644,444555
934520,44064
444101,1017728
1873040,19289
477264,626343
1446369,2289748
698187,1923998
4475953,3402
48042,528874
812964,7857376
215393,1023931
3391292,723329
1437933,6788658
37508,7327417
466850,54603
4225458,35281
292008,217798
584491,9134015
1318821,630090
297354,4887246
1541072,676733
216829,1376085
18115,432806
1101092,2137432
2635349,600437
1214057,1950370
2945453,6855027
1612033,128012
4197198,409
256880,1786391
1947174,461955
4018,2694955
2237204,8809285
2936527,12578
242036,269842
4585,3493
1369626,8765322
949955,932168
101251,16635
72413,32070
3236179,1705930
6938462,4863680
16464,1606339
665186,1170753
39146,1311845
67590,3421280
1955877,195729
667294,1328829
456884,86795
267760,114525
44072,36734
147528,1155417
858293,706345
3441,1203122
1802834,196032
45785,1381071
5779838,12852
81868,7229438
7180334,1682214
3046631,7790603
25266,8258735
517032,1836768
534,1387859
152875,3028980
1007558,429245
875492,797152
7500273,3743537
54476,4847999
2630817,10184201
48407,1732916
508571,8765335
6363,1755160
155305,3684826
4190601,6816985
89607,44057
7618324,129131
1590602,292862
1325580,1006621
3165570,2894545
4247930,3513163
561727,2951597
488457,1875611
262837,89370
6614901,2136
1107002,7290557
6585354,195167
13889,1499771
1056874,2819611
632784,8920705
1510488,432660
234702,6597439
4108272,4107996
7386916,620121
22666,25612
795579,36399
6247111,5994113
3682580,1953698
568561,9161116
880040,618504
4179592,10054899
1353250,6811
5002,290757
1858538,445062
252223,45785
483979,3094813
16257,2106748
3564236,65187
872552,1084558
730207,8867372
4800295,3397444
490568,4662794
1316696,38436
94755,431684
618671,3096997
1509038,1846516
1668943,1668761
386085,72521
140946,8766691
1072351,13203
4243749,1074072
44058,1452278
619012,1208409
89370,206738
269718,47575
1503518,2080337
2467446,5992007
6526666,132335
248429,355738
628042,10402031
1796138,8769508
1709705,41264
1531737,621804
1181787,10266663
585678,231185
217787,3417
619940,37576
8583562,31355
5716664,3065592
103389,8364034
432929,444119
2659518,56003
127113,8763522
411343,5692
4226592,9649327
3899620,3053205
3894469,9062360
1129093,106792
590192,13911
3402,5772168
508555,4014458
1353532,56669
216481,4869341
3084896,217798
1490620,72412
93245,524979
37562,1846280
4723397,65187
676314,1299214
402694,226995
2497017,33391
54476,2695648
3369748,15896
5913420,7192212
875255,8764407
4233154,3487
269466,48042
426849,1900178
133094,154502
517758,1496943
8373034,654956
386108,3480931
260711,4970019
195362,13353
3062472,1509572
1300203,5591645
1753097,3631081
62588,1458228
808893,5967030
1292255,654945
1031597,6791231
797063,216481
21948,4
1431131,135041
837890,5710329
40704,40800
4237443,91954
48042,2185547
56382,654568
56382,564256
844525,37779
68961,282287
1098005,7030841
494096,287853
3292846,432929
402299,645614
2206421,7510001
1553980,8475507
55716,43795
7390056,4630388
4240586,8764396
502044,3422025
91105,1509917
1313909,642886
854247,715824
1158472,404377
4389980,1716004
1007470,675536
554216,449747
296144,7787012
1705040,91802
1393386,9148434
429177,263530
1499870,1678906
894806,240457
46026,2206066
55567,1314343
626186,10436543
5939703,206738
47791,9739
2960371,47604
2311,230153
1214696,114053
16201,4564392
793024,8955579
4123360,619012
866529,414139
936334,125385
3474430,8766573
47350,36718
196241,935210
644494,2265979
1933834,8796382
7671820,7918247
285421,447274
148738,7824139
700454,1824773
499573,8471487
114982,3593623
1320112,2052381
91929,55021
565017,150306
1071483,119439
52451,8765093
2261788,35619
4229470,55018
1781016,20130
593452,28853
4018,3377642
1239216,512955
2939393,645019
847318,9181370
2325360,4343637
71899,6913998
6526717,117961
516454,3154015
1286147,1027219
3391226,72413
7666064,3617029
947057,1315041
482688,32405
2839108,523948
2357855,386108
8000955,8000160
912648,912989
7697131,3458959
134092,3402
48042,1402707
534,5879210
195134,536390
4195080,1292670
4746454,2701083
567059,619142
33975,1954888
2517661,44064
7259318,3345559
3353614,269788
4264755,385294
147330,20256
492786,645019
1791857,430043
2109143,196241
4118685,3397726
1102262,2113053
56591,628893
1207440,47164
114631,3493
1690135,3028620
619898,2693100
5538143,893231
6618172,98112
7566783,1228508
1256658,4237648
48321,1847860
1527020,241998
700170,8796143
302374,4070534
1109337,601108
41588,5296028
1149754,1960125
652021,217798
444716,6579688
929992,877029
150215,9464193
120076,1285729
277280,234528
728059,1674005
2531577,5599019
501563,1374301
6759090,16201
635112,635136
4308852,5045524
4538,937937
135992,4096053
603055,1864381
290525,2475113
17429,1942184
1449084,195362
476301,4960772
6592664,7695065
999931,47588
867493,4083
2883706,54889
3427951,3417830
284688,449522
9956,621804
226277,422626
137445,5802840
1292672,2714120
240331,233936
284687,91233
63452,9394845
402673,1207765
7724,118133
6727077,38401
3926368,3133071
47575,1419770
5170197,1349110
125414,1921388
267705,92163
4452059,25442
477237,8767492
6633790,409
56382,1033601
7351508,125141
618837,1768879
194821,7698
1563307,2848344
1884678,125113
1313664,1205244
85999,1146810
1832090,550210
4188984,432679
2323,433368
2170726,792378
257704,9645580
91802,444033
1042646,3403
516234,239115
571892,12486
4629617,6529854
7034,1503855
1044681,1720
5303419,49908
55298,107201
6902061,604602
47869,125742
3902845,4409765
3494562,3494560
2871781,47162
29904,71844
504473,4120289
628016,217366
723329,623076
861082,4375807
3417,1201003
148301,8763525
506747,3310230
3389183,269842
295729,295612
148842,780819
46402,3441
17389,1740096
1211242,47211
265202,33391
395277,6841952
484554,8765343
400149,550210
183097,8777463
55567,1007563
1414128,262217
55035,1304408
27117,55018
4891043,409
1333613,2837726
196114,2524649
54603,2439435
485218,4517139
379448,4050075
695239,9290628
16013,6584803
28728,91764
249395,9063
77505,3487
8334650,3364
154292,2348137
2919705,2237765
2209326,72169
1382473,2960070
4018,5827802
203356,1976731
399586,1926635
106361,106229
468003,8765344
3503988,3402
2943463,4998716
428999,61264
3564265,12890
8478706,6623784
810453,8822655
5557276,8770053
14565,7507177
48574,32239
45563,10359761
1515813,1530000
1903518,9317147
3887,8022
738719,1096669
1878016,9740360
6711523,55021
5521367,5521344
504508,1438016
938379,554844
212952,8764435
11749,5521948
7724,1052966
56382,548478
5625767,1898961
6939698,6585377
516531,54603
1065944,8814752
5865526,3174444
55567,292372
2669175,404377
8971,10001
59453,2521425
2720559,16252
5398389,1455456
644503,218509
213358,9918049
602292,106784
46396,4501873
1740875,195998
882938,8762956
428900,6833771
7796833,7790603
343705,33975
483517,8844968
5185903,1349110
2826388,5662790
9294,682095
5031722,787234
48249,559339
486196,7496
47743,15281
618837,419821
38860,691199
16254,1437533
98387,64406
7623525,7623415
2066271,2066337
54988,225086
220142,8766782
3675249,8811488
1140425,226967
2517024,8781682
1501836,71849
16201,436522
1693,1530602
387091,2943925
965335,871746
387517,379633
2762900,118242
24286,2173894
3402,3353803
1658741,8838697
444266,565786
25266,8258587
397157,220931
59406,2437276
1104545,1629776
19069,3288530
936334,1291003
1681855,376413
62842,8763470
7051,1158671
433285,4587275
2743463,141222
4285710,195436
1227090,679173
10228,429226
856751,8764804
193851,193852
673131,3310044
97655,2340
216995,4284520
561156,2588332
1114996,56205
37562,1431640
147896,8764921
4975017,7185741
3127540,195362
44098,935007
6882523,2001968
8619484,11704
4629589,286545
475723,3428159
56382,6554401
2633687,2311
3925650,562228
20456,120417
590448,3435233
823394,20255
94942,16890
5260963,1349110
3110761,285421
2698653,860253
253456,107038
1342666,6334
2467784,48087
3625587,4014108
1382351,706345
4870098,1221325
1925811,1924159
55803,36767
1645831,1854096
1175194,9073139
1068347,1068372
140506,2894686
72269,103389
7857297,3458959
854747,9197106
195371,55446
1506477,6811
433365,449756
619795,56077
8528,131836
152915,6517312
3503844,89068
39178,143349
91802,10569
485267,8575696
3486709,448013
443746,1029486
962899,2948144
81868,8277572
4428984,177246
6369757,5994113
444716,1851767
3899207,4683545
56591,1582068
14813,789757
2149608,1931522
68260,1761703
3402,4193091
6765177,6689755
4411798,3403
6553720,154292
